,Square_Footage,Num_Bedrooms,Num_Bathrooms,Year_Built,Garage_Size,Neighborhood_Quality,House_Price
0,1360,2,1,1981,0,5,262382.8522740563
1,4272,3,3,2016,1,6,985260.854490162
2,3592,1,2,2016,0,9,777977.3901185812
3,966,1,2,1977,1,8,229698.9186636115
4,4926,2,1,1993,0,8,1041740.8589249004
5,3944,5,3,1990,2,8,879796.9835223783
6,3671,1,2,2012,0,1,814427.8614089885
7,3419,1,1,1972,1,1,703413.1109446795
8,630,3,3,1997,1,8,173875.03721558454
9,2185,4,2,1981,2,5,504176.5060593679
10,1269,2,2,2006,1,9,335332.59275293903
11,2891,2,3,1982,0,2,635097.3959198
12,2933,5,3,1973,2,9,701133.8041471172
13,1684,5,3,1988,1,8,440726.2848162878
14,3885,2,3,1983,1,9,838719.430503504
15,4617,5,1,2005,0,4,1019192.6613592046
16,3404,3,3,1977,0,1,735850.8123421574
17,974,2,2,1986,2,1,234261.64997473892
18,1582,5,2,1956,1,5,396246.3588887452
19,3058,2,1,2017,0,2,672852.0519810001
20,2547,4,2,1986,2,8,586086.5685389101
21,3247,1,2,2005,1,10,740174.0146550778
22,1475,2,3,2014,1,5,370167.09090271546
23,2306,1,2,2014,2,5,530824.1967752124
24,689,5,1,1996,2,2,227515.3002879812
25,3234,1,3,1969,0,7,652166.1423658864
26,3505,2,3,1968,1,8,745670.6371477235
27,2399,4,1,1978,1,10,513161.95119306416
28,1767,5,3,2009,1,1,432357.9061027443
29,2028,2,3,1967,2,2,434165.8966340506
30,3702,5,1,1984,0,10,809686.201143527
31,4056,3,3,1992,1,4,883819.0911218557
32,4390,1,1,1960,2,5,912468.0479046734
33,1146,3,1,1998,1,2,281313.0614448485
34,3388,2,2,1987,0,1,705923.3148916194
35,2935,4,2,2013,1,9,656980.4604282172
36,1100,5,3,2018,0,1,318266.2771320871
37,2863,1,3,1957,0,4,582468.7977365239
38,2561,5,1,1983,1,2,541967.633559251
39,741,2,3,1997,1,4,188531.42345710637
40,2541,5,1,2005,0,8,565562.7504321395
41,3324,1,1,2014,2,8,697574.5556670319
42,3112,2,3,1980,0,9,666733.4734616925
43,1863,5,1,1953,1,5,376388.0216286443
44,1978,4,2,1999,1,7,485380.95019563066
45,3056,2,3,2018,2,3,735678.4622017285
46,1275,2,2,1979,0,10,296291.0010075069
47,4514,4,3,2008,0,4,1046315.8960136625
48,534,3,1,2016,0,10,187508.58531168045
49,3652,1,3,1994,1,9,793995.2848757812
50,2455,3,2,1953,0,10,527393.5128875901
51,2085,5,1,1975,2,10,467768.122943975
52,4443,4,3,1976,1,1,981190.782911222
53,3573,3,3,1995,1,2,750481.7169351575
54,1521,2,3,2013,0,5,377511.26849809097
55,3961,5,2,2000,2,3,866877.3524150968
56,3113,5,2,1999,1,2,731331.6610567131
57,4343,3,3,1955,1,1,899382.8651584806
58,2000,3,1,2008,0,10,485622.401919989
59,661,4,1,1964,0,3,147601.55157708153
60,4797,1,2,1979,2,1,986006.861736761
61,2481,3,1,1991,0,1,509725.550655089
62,1495,3,2,1986,2,1,346932.6209008944
63,3842,2,3,1991,1,8,863289.3969030941
64,4298,5,2,1984,2,3,919295.8540615214
65,1775,1,2,1955,2,1,406069.2709127523
66,1516,2,3,2017,2,7,397346.1108776756
67,837,4,1,1967,1,10,191117.1012230497
68,1378,4,2,2022,0,3,384461.3548261602
69,1576,3,2,1978,1,8,340980.72481778456
70,4493,3,3,2008,0,4,951093.5469938468
71,879,4,1,1996,2,4,217010.48526715024
72,992,3,2,1966,2,5,248224.0196560961
73,2562,1,3,1971,2,6,538349.0962151848
74,4384,3,2,2017,2,7,985223.9966541852
75,564,5,3,2018,2,4,242865.9315016322
76,3068,3,1,1986,0,8,654466.9454086807
77,2527,2,1,1998,0,6,551967.8882668803
78,3195,1,1,1962,2,1,663904.9927177994
79,1995,2,1,1983,1,1,397482.74798703607
80,891,2,2,2002,1,9,209632.84147750464
81,4974,5,2,2000,2,10,1107045.062935083
82,4061,1,1,1952,0,6,787420.4040749857
83,2778,1,1,1991,1,10,605371.7047170609
84,3599,1,1,1981,1,8,721018.0639031393
85,700,1,2,2000,1,7,199066.37891066872
86,3604,1,1,1995,2,6,730047.4973881331
87,2954,5,1,1970,1,4,627923.6171994702
88,4145,3,1,1993,1,7,898283.8867356428
89,1304,2,3,1960,1,9,277832.10571177263
90,3231,1,1,2017,1,10,731490.1175330897
91,3273,3,3,1950,0,10,688357.648480334
92,2070,3,3,2012,2,7,525582.3102214569
93,3190,2,1,1973,2,1,684824.5348634415
94,4340,5,3,1962,0,10,903251.9405609448
95,1528,4,1,1960,0,9,323118.7393152309
96,1002,4,2,2000,2,4,307101.6858385633
97,4993,3,2,1966,1,3,1020324.7565966452
98,1370,2,2,1973,1,4,304730.506229004
99,4988,4,2,1968,2,4,1026397.296612232
100,706,3,3,1986,1,10,199414.94263280893
101,1984,5,1,1957,0,2,472657.61431723344
102,1363,4,1,1977,1,1,340069.229775934
103,3290,3,1,1954,1,10,696709.415289048
104,1063,3,2,1966,1,1,266533.05392411625
105,4691,1,2,1985,2,8,971514.7620428528
106,2257,5,1,1968,0,2,501305.5489940659
107,2178,1,2,2013,1,10,480961.44203831744
108,3742,2,1,1960,2,5,758977.8818675748
109,1559,1,1,2003,1,4,364658.5286208398
110,2222,1,1,1994,0,8,515813.7578353911
111,3814,4,1,1996,1,2,834587.5117736553
112,3657,3,1,1961,0,10,747384.0608082061
113,3125,5,1,1970,1,9,667696.0449735246
114,3229,1,1,1960,0,7,645145.5398468642
115,2097,5,2,1954,1,7,481368.1255215702
116,3560,1,1,2005,0,1,740148.1937768575
117,3193,2,1,1969,1,2,639073.1842415399
118,4127,1,2,1990,1,4,886568.3132277146
119,1863,4,2,1995,2,4,450941.1354372639
120,2481,3,2,1961,2,3,513720.44181706064
121,2163,2,1,2019,0,7,521205.600976709
122,2029,1,3,1966,1,8,455122.0999589496
123,2538,5,3,1968,0,2,551463.8888534079
124,3802,2,2,1975,2,4,816173.7524264855
125,2737,2,3,1997,0,3,637736.0103999889
126,1806,1,2,2001,0,2,420203.4615575062
127,4529,2,1,2019,2,6,1026790.0663279732
128,3175,5,3,2004,1,4,744681.397063456
129,1782,2,1,1982,0,6,400585.46235503367
130,1209,5,3,2011,2,2,368327.4567183169
131,4913,1,1,1972,1,4,977158.5923179968
132,4248,3,3,1964,2,6,883626.6203857235
133,1163,2,1,1976,0,5,244030.4071335913
134,2498,3,1,2013,1,3,558598.6787614333
135,3945,5,3,2000,1,8,860329.4923109863
136,4243,2,1,2002,2,7,947490.777477816
137,1995,4,1,2000,2,3,492018.32279508375
138,3804,3,1,1996,2,6,832386.3311958439
139,4263,2,3,1953,1,4,893926.6294720689
140,2353,3,3,1956,1,5,534464.9120087984
141,1791,2,1,1984,0,5,355281.41848528635
142,4081,1,1,1997,1,7,834105.7943401121
143,3957,3,3,2022,0,5,885550.3826256534
144,2136,4,3,2021,2,3,551859.0856947603
145,4196,4,1,1994,2,10,922420.588370604
146,3499,5,1,2021,1,5,804433.8093218554
147,3652,2,1,1968,2,7,734985.0630470021
148,1198,3,2,2012,2,5,346152.8475921306
149,2660,5,3,1987,1,5,649973.3618681368
150,4597,3,2,2016,0,9,1006939.6644174114
151,1354,2,3,2008,1,3,370260.6031667921
152,3974,4,3,2018,0,6,928059.7129533672
153,2207,1,3,1962,1,1,492112.0397149675
154,3277,4,3,1996,1,10,752466.6746666236
155,2233,5,3,2010,2,5,573797.9393068494
156,4010,1,3,1980,1,8,854876.2983739193
157,702,5,3,1971,1,5,183663.6464573192
158,3755,2,2,1992,0,9,788150.9318106314
159,4718,1,1,2016,2,6,981510.89525884
160,4996,5,1,2003,0,8,1070454.2752476104
161,1266,2,2,1959,0,10,241968.8432665446
162,4889,4,2,1991,2,8,1064004.872579212
163,2827,2,2,2013,2,3,640767.2241513439
164,3431,3,2,1970,2,7,762159.3914733424
165,697,2,3,2015,1,7,216591.97111921213
166,2430,2,1,1990,2,10,497168.0883454792
167,4082,3,3,1973,2,6,857205.2452653883
168,1108,5,1,1984,2,7,285546.501684919
169,3772,5,1,2005,0,2,819125.6470544274
170,1647,2,2,1979,0,9,316130.2555576059
171,4782,3,3,2006,1,10,1067425.216621323
172,3897,3,2,1996,0,10,837398.565143556
173,3011,4,3,1984,1,1,658260.7060110456
174,2294,5,1,1968,0,1,475767.3504503976
175,1159,1,2,1957,2,3,250101.5473305484
176,3311,5,2,1975,0,3,688516.5046690886
177,1869,5,1,2020,1,1,510876.9990932239
178,2486,4,1,1979,0,7,543734.421890143
179,646,1,1,1956,2,4,146406.89625235138
180,3719,4,2,2016,1,10,828512.1019589091
181,3411,1,3,2014,2,2,719969.4352945103
182,2234,2,2,1985,2,10,507847.5873391124
183,2343,1,3,1974,1,5,507554.9440535184
184,988,4,2,1986,2,6,294558.07202157495
185,3476,5,2,1950,2,9,712212.2154102818
186,2459,1,1,1964,0,4,491715.9476636626
187,2885,1,3,1986,2,2,625227.045470116
188,3419,3,2,1962,2,5,752101.9024207598
189,2302,5,2,1957,2,3,501913.6471080413
190,4561,2,1,1954,2,2,907358.632995708
191,3869,4,1,2009,1,1,878704.0956397129
192,762,2,3,2022,0,10,237070.7057045996
193,1123,5,2,1950,2,2,267132.4135848208
194,1516,1,3,1985,2,6,353129.5684734057
195,4143,1,2,1984,1,8,845141.6166638864
196,2549,5,3,2015,2,3,656223.1627305328
197,4223,1,1,2012,1,9,884677.6890798345
198,3608,1,2,1972,0,9,775773.2237663032
199,4590,1,3,1958,0,2,918893.7439235622
200,2556,4,1,1983,2,8,607698.7371081988
201,3670,4,1,1995,2,10,838774.4840391098
202,2182,3,3,1953,2,5,470978.4795328964
203,2755,2,2,1979,1,4,616308.9624199027
204,1654,5,2,2021,2,10,417416.2622542783
205,4999,5,1,1952,2,5,1060976.488572305
206,3691,5,2,1963,0,4,809046.2841762663
207,2196,3,2,2009,2,8,485376.42332357954
208,4491,4,2,1994,0,4,965816.66811073
209,2148,3,1,1983,2,10,517515.4060050993
210,1945,5,3,1994,0,6,438250.1761546225
211,4699,2,2,2010,2,2,1008240.7854354944
212,4423,1,1,1965,0,5,888140.07598706
213,753,4,1,2015,1,6,252963.3562076132
214,3683,4,3,1989,0,5,801206.2036701888
215,3057,3,2,1966,0,2,624112.1600204634
216,598,4,2,1983,0,7,155471.16626013073
217,2700,5,3,1965,2,4,617900.4948407207
218,3461,5,3,2009,2,8,798362.7750475319
219,4933,3,1,2015,2,7,1096158.2899088082
220,4277,5,1,2015,1,7,927092.4059599084
221,3369,2,3,1962,1,9,728289.8873118911
222,3734,3,2,2005,0,1,785248.3619879358
223,4291,2,1,1980,1,10,862580.4983858576
224,1456,1,1,1983,0,6,297387.92248393584
225,4567,2,2,1988,0,6,938151.8372450712
226,660,1,1,2016,0,6,203447.4833684562
227,4993,1,2,1957,1,6,1038319.1650899692
228,1800,2,2,2004,2,10,443408.3059778237
229,4487,3,2,1976,1,7,971977.0246414564
230,2027,5,3,2002,0,10,539478.4031506823
231,1718,5,3,1988,0,6,424712.5512524801
232,4996,1,3,2014,1,1,1102533.6490590929
233,3604,1,2,1966,0,3,740286.5597469498
234,3235,3,2,1979,0,2,655719.1459405582
235,1454,4,3,2002,1,6,402213.42189319455
236,3946,2,1,1962,1,8,779202.6809723858
237,1545,1,2,1970,1,3,338170.31528112484
238,2193,5,1,1968,0,10,497340.9981159924
239,3936,3,1,2002,0,8,815811.6827370644
240,1062,2,2,1968,2,8,250362.35906874528
241,2985,3,2,2006,2,5,717150.4421296231
242,3854,2,1,1974,1,8,811129.4971755756
243,725,2,1,1980,2,6,165242.29785174478
244,1459,1,3,2004,0,5,370992.4565584571
245,3567,3,3,1972,2,9,779362.3561113286
246,1315,3,2,1981,0,7,308618.40727220185
247,3620,5,3,2011,1,8,861356.9775590366
248,516,5,3,1959,1,1,171023.95659837997
249,1743,1,3,2021,0,2,381738.0175438036
250,2705,1,3,2003,2,8,628610.9650581649
251,3024,4,1,2001,1,9,698124.6114710766
252,1569,5,2,1969,1,4,362679.08775021497
253,3944,2,3,1981,2,10,822030.766712673
254,3065,3,1,1963,2,10,611205.6889207754
255,1560,1,1,1999,0,9,359657.9955923103
256,2827,3,1,1977,2,4,605143.9591154716
257,3920,3,3,2002,2,10,881016.0047742793
258,801,4,3,1973,2,10,258111.6713724362
259,4776,5,2,1971,0,10,1038652.4247755758
260,1106,1,3,1979,0,9,219426.92448759967
261,3670,3,3,2012,1,7,813296.8090259811
262,1199,1,1,1953,0,2,211038.85316259583
263,1639,2,2,2008,1,9,395042.3550597105
264,690,4,3,1957,2,4,203867.04292282808
265,2800,2,3,1961,1,8,619660.8346800937
266,1480,1,1,1980,1,7,304174.6641013576
267,3475,1,1,1983,2,7,731899.435616318
268,1684,5,3,1998,1,8,467628.527062253
269,3827,3,2,2006,0,1,827143.776401641
270,3894,3,2,1975,0,5,797034.4255040532
271,627,2,1,1967,0,2,126097.92716348889
272,2565,4,1,1987,0,2,527544.910534171
273,2316,3,3,1999,1,1,570289.0160760867
274,1069,5,1,1957,1,5,234389.76681767972
275,2395,2,3,1990,2,2,534533.0200368982
276,3233,2,2,1955,1,4,660507.8198303543
277,4363,5,2,2018,1,3,1008539.156234348
278,4514,4,3,1993,1,3,955158.90638745
279,3401,5,1,2013,2,2,756373.8420634224
280,2186,4,2,1978,0,6,441315.08847493527
281,3509,5,1,1977,1,2,749610.4677553453
282,654,5,2,1960,2,8,158636.70310577296
283,3037,1,3,2014,2,8,699683.2484112402
284,1909,2,3,1968,2,5,390430.2223774808
285,4557,5,3,1958,0,10,935973.5562996916
286,1284,5,2,1976,1,7,350816.184399563
287,3675,3,1,1983,2,4,779019.7305378267
288,4841,2,1,1993,0,1,987630.2411262016
289,3306,3,1,2017,2,2,733612.8163648158
290,1037,2,2,1964,2,10,255907.13436003952
291,2341,3,2,2000,2,10,517655.1581174146
292,2955,5,2,1962,2,4,684425.2003263966
293,1024,5,2,1998,2,1,323701.2441901499
294,3450,1,2,2019,0,8,724814.2264216079
295,4631,3,1,2005,1,9,1015556.1485920788
296,4615,4,2,2000,1,4,993273.0796606252
297,2868,1,2,1986,1,10,581948.159950993
298,4347,3,1,1966,1,3,895675.5548211845
299,4995,3,2,2007,0,2,1092026.89678641
300,3201,1,1,1978,0,5,662119.9410580613
301,1471,5,1,1982,0,3,341253.2207795087
302,1666,3,3,2009,2,10,412045.7826588494
303,3274,5,3,2004,2,7,748220.493682927
304,2482,1,3,1959,2,6,507185.45440816105
305,1353,5,3,1996,1,1,354054.70019158506
306,4646,2,2,1972,2,8,915005.2948821838
307,4236,4,3,1970,1,2,872676.434152397
308,4269,3,1,1962,2,5,934942.0571329228
309,1074,4,2,1982,1,9,269061.7820440072
310,3761,5,3,1973,2,8,867445.4184620865
311,1648,3,1,1960,2,2,342303.6892675472
312,2215,5,2,1966,0,9,486872.0567091347
313,4354,2,2,2017,2,5,935626.95292811
314,2991,1,3,1996,2,10,644601.105174152
315,3160,3,2,1974,0,6,645375.2217757016
316,3624,2,1,2022,1,3,786580.3015186453
317,3551,2,2,1970,0,3,740281.2153448497
318,504,3,1,1961,0,10,149743.4999535613
319,1376,5,2,1986,1,8,348893.55395287194
320,1491,2,3,1991,2,10,346010.94983818056
321,4642,4,1,1966,1,10,915441.1797542056
322,4864,2,2,1997,2,2,988325.4879158876
323,4965,5,2,1977,2,2,1075864.2810329462
324,1135,5,2,1990,1,5,329218.5249164853
325,2193,4,1,1996,0,6,530004.3428420601
326,2182,2,1,1967,1,2,408013.5790622347
327,619,5,1,2020,2,5,224507.20014868543
328,1330,3,3,1962,1,7,300656.0790681994
329,4175,1,3,1962,1,10,848824.7742976189
330,1869,1,1,1980,2,10,396681.2860961783
331,1240,1,2,1951,0,8,262398.4460460842
332,616,2,3,1965,1,7,180393.6281134625
333,3338,4,1,1958,2,8,671803.9439013259
334,1650,5,2,2022,2,9,474045.8427124246
335,2431,3,3,1987,1,5,505877.59815497726
336,1512,3,2,2003,0,5,389645.3296127529
337,2164,2,2,2005,1,10,483350.32816846616
338,1581,1,2,1994,0,4,358458.3807510001
339,1012,2,2,1983,0,9,264395.09178796335
340,3349,4,3,1958,0,5,749571.2916347987
341,1059,4,3,1957,0,2,263760.9441483153
342,4172,5,3,1956,1,10,894611.0786564201
343,3843,5,1,1985,2,8,853001.1125510683
344,4570,4,3,1967,2,7,972537.496467423
345,1970,4,2,1952,2,8,453359.87163545546
346,1080,4,3,1977,2,3,270230.63769827964
347,2794,2,2,2019,2,4,673649.8960889375
348,3647,4,1,1993,2,5,827205.303959231
349,4749,3,2,1970,1,6,1007770.5792970628
350,2179,1,2,1977,0,1,443005.62363881344
351,4006,4,2,2003,2,4,871566.5627396672
352,3244,1,1,2003,1,10,726227.5690417645
353,3856,2,3,2014,2,5,824351.6710960343
354,4545,1,3,1970,2,7,973850.3282632278
355,1743,2,1,1962,0,5,344363.2736819858
356,3618,3,2,2006,0,1,793421.1417884243
357,2641,2,3,1998,0,7,621862.7654183527
358,3559,2,1,2003,2,8,758946.7724048437
359,3459,5,3,1959,2,7,759151.2379465501
360,2765,4,1,2002,2,4,630531.7401285437
361,2979,4,2,1993,0,8,646766.2897519646
362,2135,3,3,1996,1,5,533039.4327952061
363,2257,3,1,2002,2,10,496427.1035646905
364,4952,4,3,1995,2,9,1099211.6405116057
365,2570,5,3,1962,2,10,605600.9507407207
366,3349,4,3,1986,1,5,738935.8194460399
367,3751,5,3,1973,2,1,839522.318603536
368,4230,3,1,1951,1,9,874856.2710820399
369,2989,1,2,1963,2,5,609401.0845045892
370,2131,3,1,1959,1,6,457643.0980423783
371,3316,3,1,1984,2,4,676108.8512096877
372,1515,2,1,1974,0,6,300935.18607341987
373,1848,2,2,1952,0,8,381998.6086592969
374,3587,2,3,1966,0,3,720883.657171062
375,3339,2,3,1961,0,5,722543.0796460027
376,835,5,3,2003,2,2,294548.40256048914
377,1395,4,2,1973,0,2,336073.5215992294
378,4046,1,3,1978,1,7,863034.675749834
379,1351,3,2,1992,0,10,319748.76677475666
380,2187,5,3,1974,0,10,504023.26087166165
381,2431,1,3,2009,0,10,538851.8933945443
382,4246,5,1,2014,2,6,934919.3827777772
383,2927,5,2,1977,0,4,648902.5219843038
384,2068,3,1,1965,1,5,414808.6543176996
385,4500,4,1,1996,0,1,940080.4444014952
386,3238,2,1,2007,0,7,676233.0768279255
387,3998,4,2,1976,0,8,866618.3890237983
388,4413,3,2,2002,1,9,983106.2224146988
389,1566,3,3,1991,0,8,367024.37943296967
390,4880,3,1,2008,1,5,1075814.4318808403
391,2944,1,3,1996,1,3,660979.0474886918
392,4607,4,1,1983,0,10,978190.835072989
393,3873,4,2,1986,1,9,801313.0610758337
394,4469,5,2,1955,2,6,992213.4530121648
395,3046,5,2,1956,0,5,676719.1220590248
396,1253,5,1,1974,0,3,296184.19659571577
397,2582,3,2,1982,1,6,587557.3219128358
398,3274,4,1,2004,1,3,724842.1846929234
399,3396,3,3,2007,0,10,762080.8235471162
400,4685,1,1,1956,2,6,955223.3951427988
401,1275,5,3,2006,1,4,354189.0054772034
402,2125,3,1,1961,1,2,454484.4215050965
403,3569,3,3,1965,2,8,769087.1879559917
404,917,1,2,1992,2,4,251359.7986427481
405,614,2,3,1956,0,9,172534.44400203408
406,1116,4,2,2000,2,7,268244.1761186752
407,4474,2,2,2022,0,2,985699.1860734548
408,3767,5,3,1981,2,4,824529.5721138918
409,1325,3,1,1957,1,5,289985.41455097107
410,2016,1,1,2021,0,3,450594.5679766036
411,3646,1,1,1994,0,9,794010.0167336396
412,912,4,1,2008,0,5,233504.5137836983
413,1228,2,1,1953,2,2,269736.4362439106
414,3848,4,2,2016,1,3,841676.0140843305
415,3308,3,1,1978,0,9,707483.440019593
416,1175,4,2,1978,0,7,310471.3888855296
417,3965,1,2,1977,0,2,846516.6709494363
418,3004,1,2,1993,0,9,647388.2995956682
419,3467,5,3,1953,1,4,760678.6016673865
420,3286,5,3,1958,2,9,681361.2493428746
421,1622,3,2,1954,1,2,325380.0022571336
422,4579,2,3,2005,0,10,987442.6840517226
423,2071,4,1,1999,1,4,508941.1259280808
424,2643,3,1,1964,0,5,572941.4282388942
425,2187,5,2,1981,2,2,481489.24616078194
426,4632,4,1,1977,2,10,997885.7696999718
427,4351,5,2,1971,2,1,944921.9815744858
428,3940,4,2,1966,0,7,842172.2092376931
429,4266,2,1,2008,1,10,901471.7427249742
430,2826,3,3,2020,2,1,632482.6223597979
431,3414,4,1,2006,0,8,748136.4563894381
432,4452,1,1,1975,0,3,914555.7450033636
433,1095,1,2,1974,1,10,214492.39812518292
434,1228,4,2,1959,2,6,287478.2675046062
435,1865,4,2,1994,0,7,478566.0655908441
436,4992,4,2,1960,1,10,1068538.1056038716
437,1198,1,3,2002,2,1,334276.21781208954
438,895,1,3,2021,1,6,235478.10213396215
439,4671,4,3,2017,1,7,1028282.3118218936
440,4860,5,2,1977,0,6,1060712.8283115798
441,3002,5,2,2014,0,4,690243.7506863925
442,2319,2,2,1998,0,1,501720.6757217424
443,1217,3,3,1996,1,9,314916.5292154408
444,3282,5,2,2001,0,4,752791.6325948103
445,4077,1,1,2003,1,7,848697.2899849606
446,643,5,1,2009,1,7,213397.79303700436
447,3640,2,2,2006,0,2,788471.7465500822
448,4991,2,1,1996,2,1,1023975.1331555475
449,3438,3,1,1980,2,8,738091.5512277477
450,4136,5,3,1995,2,8,926531.8100085806
451,3722,1,2,1975,1,7,781388.9356850483
452,1667,1,2,1954,1,8,302975.3037628076
453,3116,4,3,2001,1,3,696224.0924052008
454,1562,1,1,2003,0,2,370689.5462510848
455,2656,3,1,1982,1,7,559262.3223593918
456,3482,3,2,1999,0,8,775422.1168993582
457,3794,1,1,1987,0,1,783176.6365627198
458,1656,1,3,1976,2,10,392725.1966639868
459,1232,4,3,1964,2,9,297268.39963389
460,4830,1,2,2010,2,4,1027285.7703285776
461,1453,4,3,1970,0,4,367172.5872737959
462,3039,4,3,1995,0,3,697780.778011206
463,3824,1,2,2018,0,6,802714.096172766
464,3801,2,3,1955,1,1,783978.6474904561
465,2042,2,3,1987,0,6,475471.1766686792
466,1691,4,3,2011,2,2,427302.04370052734
467,3493,1,1,2011,2,9,724420.5096752369
468,3181,2,2,1995,0,2,690319.8868147184
469,1717,1,2,1962,0,7,383644.1777444591
470,2040,1,2,1952,2,1,379109.0941130737
471,3736,1,1,1955,0,7,758293.3788835382
472,2886,5,1,1957,2,5,619360.9693678387
473,4219,1,2,1993,1,8,923122.114178692
474,1888,5,1,1982,2,4,477884.3169302657
475,2356,4,2,1999,1,10,558796.2539569193
476,1865,2,1,1960,0,7,366797.3447576696
477,999,2,3,1977,0,6,226125.4126756759
478,2180,2,3,2019,1,5,507967.8360673265
479,1010,2,2,1990,0,4,246540.9659359964
480,4812,2,1,1965,1,7,961367.1393329063
481,1824,2,1,2017,0,5,427947.1030973768
482,1655,2,3,1997,2,5,396277.33998439007
483,2327,4,3,2005,0,1,585574.1096146859
484,3641,1,1,2013,2,2,763296.5725547657
485,3986,3,1,2008,2,5,827741.1738157432
486,2310,5,1,2011,1,3,523323.0670600654
487,3423,3,1,1960,0,2,731262.2024937344
488,2714,3,1,1967,1,4,574450.4841823126
489,4686,1,1,1968,0,4,923773.1293560604
490,1213,1,2,2004,2,4,269665.8613983956
491,4102,1,1,1975,2,4,838955.4538986462
492,4634,2,3,1955,0,3,915104.2350135812
493,4022,4,2,1953,0,7,875981.0268954616
494,4768,2,1,1978,1,9,1017321.3952750646
495,1743,4,3,2008,0,5,435500.9447943791
496,4209,4,2,1966,0,4,896600.4885198027
497,1581,3,3,1992,0,2,342679.45001245977
498,955,3,1,2015,1,2,267185.2676416052
499,1394,4,1,1983,0,5,338350.5954344411
500,1884,4,1,1957,2,7,414166.584309186
501,2458,2,1,1962,1,10,523387.09594019287
502,3572,2,2,1957,1,10,720713.4288162608
503,2496,3,2,2014,2,9,551668.6465406333
504,4785,1,3,1992,2,7,972746.6952602348
505,1004,4,1,1988,2,5,269874.7159038473
506,1714,2,3,2008,0,10,431423.2948124018
507,2031,3,2,1993,2,10,501692.8515892058
508,3940,2,1,1958,0,10,804904.7205412153
509,1323,4,1,1986,1,6,362719.62685852055
510,1428,4,2,1985,1,3,369407.96419171983
511,633,5,2,1977,2,5,176494.35410241215
512,2605,1,2,1991,0,8,557218.6456389157
513,4127,5,2,1992,2,1,909713.435000704
514,2352,3,2,1991,2,1,526951.7757612201
515,4675,2,1,2015,0,7,1033450.4577544982
516,3433,3,2,2004,2,5,739205.5159327254
517,3784,4,1,2021,1,5,870504.8285910133
518,4798,5,1,1997,2,1,1045202.3496436334
519,3311,5,2,1971,0,9,722603.6896894623
520,1750,5,2,1976,0,1,409947.2216361178
521,4012,3,1,2016,1,5,901000.4882338208
522,1756,4,2,1962,0,10,364834.6821527956
523,3876,2,2,1994,0,9,795928.1818267058
524,3986,2,2,1959,1,4,778486.8427341338
525,4084,3,3,1958,2,8,858011.5135429478
526,1896,5,1,2003,1,6,418888.6616954587
527,4137,1,3,1976,2,3,887527.9071799915
528,3830,3,2,1983,1,4,827140.4447152761
529,3203,3,3,1950,2,2,673586.747670695
530,970,4,2,1981,1,1,258717.68020973945
531,1853,2,3,2020,2,8,471816.8853184141
532,3283,3,2,2016,1,1,764387.1612255372
533,3331,3,3,1969,2,1,687869.2513012193
534,857,5,3,1984,1,4,252024.0176812598
535,3519,5,3,1966,0,10,788284.6902015205
536,1167,1,1,1967,2,10,219652.59801356145
537,4968,4,3,1994,1,6,1043830.2913439176
538,1645,1,1,2002,2,9,368670.1351204142
539,4685,5,2,2017,2,1,1015603.7016174662
540,4219,2,3,2014,1,7,909745.2997917284
541,3245,5,2,1950,2,10,695195.3585354679
542,1039,4,2,2007,1,5,322312.8625079516
543,3279,5,3,1975,0,8,746167.7281082802
544,4636,4,1,1969,2,7,985351.0239129456
545,4275,4,3,1959,0,4,896792.553841208
546,3008,4,2,2008,2,4,716524.6919885611
547,3279,4,2,1990,2,6,695362.741532193
548,1424,4,3,1954,2,6,379005.7118671184
549,3456,2,1,2014,1,9,763645.6101593996
550,2081,1,1,1966,0,5,424881.192942697
551,3824,3,2,1971,2,8,809782.1662261934
552,4985,1,2,1990,1,5,1032002.2381140392
553,755,4,1,2017,2,2,239234.57432207957
554,2338,2,3,2018,1,6,560304.6612210645
555,2444,5,2,1960,2,9,523988.4313016928
556,509,2,1,2005,0,3,179398.43319315853
557,3371,4,2,2000,0,1,736289.1245550752
558,1297,2,3,1970,2,1,284798.2134604166
559,1515,2,1,1975,1,3,327253.4579829949
560,2324,4,2,1968,2,10,506990.3247570412
561,4969,2,3,2009,1,5,1064774.9343224152
562,3636,3,2,2020,2,3,818671.3913349382
563,2693,3,3,1996,1,9,648718.3260877142
564,723,2,3,2020,0,8,236865.43918275135
565,4658,5,1,1975,2,3,951484.5473650974
566,4425,4,3,1989,0,9,967287.6138508852
567,4500,3,2,1954,0,6,936969.4548360409
568,2133,5,3,1970,2,7,523680.204086382
569,2652,2,3,1953,2,4,537770.4956241908
570,1010,5,1,1972,1,4,261227.3187203414
571,884,1,3,1964,1,2,217669.8849055049
572,904,3,3,1957,0,5,198204.1283050715
573,2500,2,2,1990,1,8,517128.7578663306
574,3256,4,1,1968,1,7,701609.1002837394
575,2168,2,1,1995,2,7,465144.0719417193
576,1960,4,1,1977,1,6,466251.4916197072
577,4136,2,3,2017,0,3,894174.439544655
578,3224,5,1,1964,1,5,705754.4319783618
579,4678,5,3,1986,0,1,1007068.6501452676
580,2548,5,3,1950,2,7,547523.9110807307
581,4646,1,2,2016,0,9,965317.5061019752
582,1216,4,2,1973,1,1,299226.76708907617
583,2323,5,2,1976,2,2,548288.2433774915
584,2581,1,2,1989,1,3,570399.7427677898
585,3919,4,2,2012,2,3,875382.7427446679
586,2074,2,3,2010,2,8,473734.215407891
587,749,1,3,1985,1,7,146020.40342022013
588,1173,3,1,1973,1,6,288382.46046148066
589,2665,1,3,1973,2,10,537619.5908056167
590,1270,1,3,1953,2,10,264215.33977452776
591,4462,4,2,2016,1,4,1010589.32913523
592,4863,2,3,1983,0,9,1047149.2482085732
593,2484,3,2,2006,1,1,562238.4809757017
594,1577,5,1,1998,2,2,370970.3860521568
595,735,5,1,2002,1,4,238459.1158908021
596,888,1,3,1972,0,3,215993.8951157028
597,3537,4,1,2018,1,1,769763.673034886
598,2348,4,3,2002,2,5,594755.3248280677
599,3314,5,1,2011,1,7,779336.1178319983
600,3874,3,2,1990,2,2,820831.6964017673
601,3778,2,2,2006,2,5,818613.7108034128
602,1752,3,2,2009,1,6,432824.65856336313
603,4481,2,2,2003,2,7,996696.835850388
604,2622,5,3,2019,2,1,604936.830452781
605,2650,2,1,2006,0,7,596659.3685492761
606,1829,4,3,1959,0,4,417900.59093719104
607,1858,1,2,1989,0,8,376032.361536576
608,2982,1,3,1956,0,4,626454.2784147046
609,2517,5,1,1987,2,6,629609.0984680437
610,1831,4,3,2010,1,9,432687.983790756
611,4844,3,1,1952,2,5,979926.724614952
612,4761,4,3,2000,2,4,1041122.1131331322
613,1858,1,1,1996,2,8,433664.2275283448
614,3677,1,1,2017,1,9,806645.0448680979
615,2628,4,2,1987,0,4,576020.0443075488
616,2680,4,1,1985,2,3,600207.3340100806
617,637,1,2,1990,2,8,190828.13988469375
618,3972,3,2,2018,0,5,878049.2511558104
619,3332,5,2,1962,2,2,704212.5239765074
620,4079,5,3,2007,1,10,909836.08484369
621,3531,4,3,1999,2,9,771922.849821314
622,4664,5,3,1979,2,3,1010183.5001098072
623,3093,1,3,2011,0,2,650748.6977489772
624,4800,1,1,1974,2,1,1018026.9936582922
625,4318,4,1,1976,2,8,897666.0008462978
626,4638,4,3,2000,1,3,998439.2371139774
627,4323,4,1,2006,0,7,938864.8192625764
628,4542,3,1,1996,0,1,978835.1052830342
629,2406,5,2,1988,1,1,533178.2402465394
630,1260,4,2,1965,2,9,278644.6693366641
631,3945,2,2,1971,0,8,846346.3280926006
632,1399,2,2,2003,0,3,310271.2636685363
633,4955,1,1,1970,2,6,995441.7102207708
634,3447,5,3,2021,2,3,830557.1687018349
635,2219,4,1,1965,0,4,470083.2903669343
636,780,2,1,2008,2,1,217462.4450570884
637,3766,5,1,1980,0,5,787281.7359378719
638,2387,1,2,1991,2,1,508927.8041870647
639,3766,3,2,1981,2,1,799178.3100544005
640,1166,5,2,2008,1,10,319601.3915396029
641,4688,5,3,1983,2,7,1004456.2194818492
642,1171,3,1,1958,1,6,206781.75744307123
643,2469,5,3,1960,2,2,583183.4309103092
644,4656,1,2,1959,0,2,913774.3890331694
645,3622,1,3,1966,0,7,734501.9542665192
646,4400,3,1,2017,2,1,987241.429730274
647,1023,4,1,1997,2,2,287822.3768776313
648,2893,2,2,2001,0,8,607535.6340463364
649,3617,4,2,1974,2,6,804727.9577270229
650,3093,5,3,1970,1,2,665369.9589318279
651,2468,2,2,2014,1,7,540221.2539417966
652,2253,3,2,2012,1,4,551444.6316158974
653,2796,3,1,2000,1,2,621460.4905680827
654,2761,2,2,1985,1,6,596339.5709584419
655,2786,1,2,2015,2,9,617979.8529750025
656,4702,2,1,1964,2,9,967780.6667222162
657,3378,5,1,1988,1,8,734156.8160862669
658,4643,1,3,2019,2,3,1021134.6211894122
659,4144,3,2,1950,2,3,834328.5793736472
660,4932,2,1,1972,1,2,1040389.0481357794
661,2555,4,3,1988,2,5,602549.2781823011
662,1776,4,3,2006,2,4,468699.4412955908
663,3266,5,2,1983,2,7,738226.711971728
664,802,4,2,1990,1,4,237185.9132691445
665,1138,2,3,2022,2,9,315357.48101832974
666,555,2,1,1962,0,2,111626.85342361582
667,1025,4,3,2019,0,6,282660.2192955372
668,4623,2,2,1955,1,7,972040.0599877926
669,2625,5,1,2001,0,4,625113.6084591298
670,3787,1,1,1952,1,6,745395.8553692064
671,864,5,3,2012,0,7,250123.469112831
672,2146,5,2,1998,0,4,510968.1406545
673,1418,2,3,1996,0,8,353161.46132211224
674,3297,1,3,2004,1,9,740330.4672038732
675,2031,2,3,2013,1,1,496840.5291926289
676,3845,3,1,2014,2,7,888020.5575222683
677,2406,2,1,2016,1,9,522309.4058721854
678,3586,2,2,1964,0,10,724033.5604571347
679,2575,2,2,1981,0,5,545482.7420093057
680,1213,1,3,2017,1,2,305026.7707546245
681,1562,2,3,1967,1,10,355453.1829292205
682,2476,1,3,1992,1,6,513292.75970622
683,1796,4,2,1984,2,7,442278.7666177528
684,625,3,1,2007,0,2,185569.89426877032
685,4096,1,1,1982,2,2,826494.0471232897
686,3783,4,3,1963,2,10,839074.0204275192
687,2103,1,3,1983,0,10,474659.86005527806
688,566,1,3,2010,0,1,158454.83915736206
689,732,3,3,1953,1,4,190802.0703078011
690,2656,5,2,2008,1,7,619516.332475993
691,1669,5,1,1978,2,9,416605.60725276713
692,2658,1,3,1955,1,3,551324.4886576998
693,4706,2,2,1998,1,7,1000021.7606809204
694,1993,4,3,1989,0,7,462185.7241886994
695,4507,2,3,2014,0,7,985499.1963159838
696,2972,2,1,2018,1,2,629290.1434469345
697,3160,1,3,1976,0,6,627322.941247679
698,3239,1,1,1955,1,2,638451.4027889116
699,2261,1,1,1962,0,6,439898.8032648414
700,4014,1,1,2013,0,10,821146.2339055584
701,2475,5,2,2011,0,3,594005.0065233838
702,2862,1,2,1968,0,2,613658.1099473296
703,1376,5,1,1992,1,6,335417.6369743354
704,4312,5,3,1969,2,2,919941.4098368196
705,3948,1,1,2017,0,5,823529.5488742903
706,1812,3,3,1993,1,2,415639.6454079276
707,1960,4,1,1972,1,3,407600.3914029592
708,3209,2,3,1951,0,3,694271.1623037981
709,2824,5,2,1971,2,6,591174.1368528144
710,2233,4,3,2006,0,6,525760.8806101802
711,2105,3,1,2021,1,10,472291.952524426
712,3063,2,2,1956,2,3,647832.2075906589
713,3921,2,3,2005,1,3,889364.8170683798
714,4017,5,3,2016,0,1,935451.9335719376
715,2897,1,3,1965,2,7,625246.1179756841
716,4235,3,3,2000,1,8,917235.4105319374
717,3370,5,3,2021,1,2,769318.6038261497
718,1660,3,2,1961,1,4,357130.1202818031
719,742,1,2,2002,0,10,181191.0670440434
720,3090,1,2,1954,2,7,641013.919122572
721,1563,5,2,1976,0,8,336153.4280264353
722,4824,1,1,1961,0,1,924012.9418488424
723,3095,4,2,1966,0,4,670894.0581247887
724,1419,2,3,1955,2,6,312202.08717502066
725,505,5,3,1954,0,3,159121.4656145035
726,967,3,2,2006,0,5,240302.2199712505
727,4670,4,3,1977,0,10,1001847.3602497705
728,503,5,2,2018,0,9,206042.3513164644
729,1145,1,3,2008,1,3,275063.0991470561
730,617,1,1,1982,0,5,147206.86576297088
731,3428,1,1,2011,1,8,710065.5617561329
732,3051,1,2,1999,0,6,624411.6024682868
733,4789,3,2,1968,2,4,988358.2476373828
734,1346,4,2,2018,1,8,351280.4162027617
735,3262,2,3,2015,1,3,696027.2851612554
736,1641,3,2,1996,1,3,364016.40122898977
737,2310,3,1,1988,1,4,494537.5115454976
738,1223,2,3,2017,2,9,307116.6791374497
739,724,2,2,1982,0,5,194628.72736203528
740,4708,1,3,1962,1,8,949404.2006657254
741,2548,3,3,2003,2,6,574912.7662317117
742,4915,5,2,1956,1,3,1011770.8785945608
743,2073,2,3,1963,0,8,438849.2345292175
744,2328,2,1,1968,1,9,527715.5373919866
745,2417,4,1,2003,2,8,580272.8715936985
746,4734,5,3,1969,0,4,1021159.6924822456
747,2526,5,2,1978,2,6,567108.4842135326
748,4244,2,3,1973,0,1,926488.454118578
749,1401,1,1,2012,0,4,321278.1795200379
750,2539,4,3,2006,0,8,572608.4313965299
751,509,5,3,1957,1,1,140538.08318538152
752,760,2,1,2011,2,3,211508.5901215244
753,2173,5,3,1978,2,1,552158.5008426193
754,2719,4,3,1966,2,9,623326.5868033242
755,2560,4,2,2015,0,2,622100.1895022333
756,4213,3,2,1955,1,9,845932.4082879503
757,2119,2,1,2007,0,4,468251.3632686849
758,820,4,1,2018,2,2,236054.0002831533
759,1842,3,1,1977,1,4,405144.670068021
760,2876,3,2,2011,1,10,663568.5126665218
761,3332,5,1,1990,1,6,755402.3726912518
762,3324,5,1,2018,2,7,759882.5851426219
763,2494,3,1,1990,1,3,578870.7619594942
764,3458,5,2,1998,1,3,760720.1464642045
765,2538,4,3,1998,0,10,611557.8808542505
766,3990,1,1,2020,0,8,851283.9163168798
767,4177,4,3,1952,1,5,870212.7996762642
768,1618,3,1,1959,1,4,340874.6232811248
769,2104,3,3,1984,0,7,451409.4809711031
770,4527,4,2,1951,0,7,898403.5372117123
771,735,5,2,1973,0,9,198659.21988081493
772,2469,5,1,1987,2,9,600564.2006890622
773,4929,3,3,1971,2,5,1062899.029267778
774,2408,2,2,1975,0,8,476966.9362678016
775,875,5,1,1992,1,10,245941.05648799823
776,4030,4,1,2004,0,1,844959.8412339088
777,3135,5,2,1988,2,9,663727.5441240586
778,2070,4,2,1978,1,8,473629.2215424205
779,3060,3,1,1969,2,6,638284.4789553601
780,3891,5,3,1990,1,3,833111.8086328949
781,3465,4,3,2003,2,3,749471.4241491086
782,4143,3,3,1969,1,8,891638.5086964626
783,4350,2,1,1968,1,5,877752.3422257571
784,1372,4,2,2015,1,10,377431.0643911781
785,1752,2,1,1979,1,7,373171.5899458196
786,1814,2,2,2002,2,5,405940.62394306617
787,3398,1,3,1983,2,8,706686.3209428937
788,577,5,3,1971,1,10,185557.6964804336
789,3121,4,2,2016,1,10,728927.0713778214
790,4727,2,2,1955,2,4,976049.1314638924
791,1100,1,1,1976,1,2,241079.3234902556
792,1565,3,3,1959,1,3,368640.6584269345
793,2636,4,1,2022,1,8,645781.7324767867
794,2949,2,1,1997,0,7,641526.9853657566
795,2843,5,1,2019,1,2,691113.9194565738
796,2363,1,3,2008,0,6,528869.8625493657
797,1818,2,1,2008,1,9,441001.3484190839
798,4097,5,1,1951,2,4,852599.97505604
799,4262,2,1,1978,0,9,894261.7196452515
800,2690,4,1,2017,0,2,574383.5478606392
801,1492,4,1,2014,1,2,366271.8455560513
802,3212,4,1,1975,1,9,665969.5719032948
803,2692,1,3,1959,0,7,525408.9155105908
804,1748,4,1,2002,2,7,394408.5769492088
805,3554,5,2,2008,2,1,826606.0146181242
806,4533,2,1,1971,1,6,940711.9831153804
807,2497,3,1,2000,2,7,555012.7033097085
808,4187,5,3,1997,2,6,950877.0053637534
809,2651,5,3,1970,1,6,601083.947569366
810,4518,4,2,1971,2,2,926094.1390762049
811,3610,1,2,1979,1,6,774150.0468123948
812,2470,2,3,1974,0,4,543160.4942000011
813,697,1,3,1977,1,9,202427.97400689824
814,3126,2,1,2014,0,1,708104.0557380343
815,1702,2,3,1994,0,8,402002.4844273374
816,2535,1,2,2017,2,5,533656.3940212176
817,977,5,1,1956,2,1,214146.49100738543
818,1754,2,2,1998,2,4,398823.2673263778
819,1422,1,1,1958,1,1,313266.83650286886
820,919,2,3,1985,2,6,217213.6452196605
821,2704,3,2,1950,0,2,539133.0843265855
822,3097,5,1,1959,2,5,697909.6503581115
823,1620,4,1,1985,2,7,418003.15725851554
824,3568,2,3,2022,1,2,818706.7764361517
825,1450,3,3,1995,1,6,325738.14789058163
826,2836,4,3,1981,0,6,605369.8615424815
827,2743,4,2,1981,1,5,606157.4972713309
828,3145,2,1,1955,2,5,613606.1874695573
829,2357,1,3,1997,1,3,503962.1877251642
830,2365,2,2,1987,0,10,510534.1603835063
831,3412,3,2,1966,2,10,744040.0563316267
832,3353,4,2,1976,0,2,701368.1143168806
833,3728,2,3,2003,1,7,816939.5874308393
834,4219,1,3,1999,1,1,907601.7861704028
835,3728,2,1,1984,0,6,771385.1497807608
836,2871,5,1,1974,2,6,636552.7524853058
837,3391,1,3,1977,1,3,694917.3008745462
838,4256,3,2,1964,1,2,852368.6069601658
839,4725,4,2,1953,2,2,993240.2813625648
840,594,2,2,2022,1,9,158856.84303466187
841,3174,1,1,1976,0,5,678385.989963216
842,2455,5,2,1975,1,7,531945.983279591
843,1293,1,1,1968,1,5,279607.45517641783
844,2334,5,1,1966,2,7,515300.5927029035
845,2616,3,2,1992,0,4,542247.1622628621
846,4606,4,2,1990,2,8,974421.4462019108
847,3825,3,3,1991,1,10,843637.4594569862
848,3419,2,3,1999,1,10,772740.0707275409
849,3097,1,2,1989,2,7,685644.2336178538
850,3705,5,1,1988,2,10,808905.5849604708
851,1314,5,1,1972,2,5,341956.2674322983
852,845,1,1,2001,0,6,222673.0658697626
853,2849,1,1,1996,1,5,604718.223692736
854,862,2,1,2012,2,7,234762.8244790115
855,2943,3,3,2018,1,2,690305.8227623077
856,2765,5,2,1992,0,5,652434.7052233267
857,2688,2,3,1997,0,10,601890.2919093702
858,3505,3,1,1983,0,3,753186.167662594
859,3781,2,1,1989,0,9,792681.5184200833
860,1484,5,1,2010,1,6,360372.9780385626
861,2139,1,1,1999,0,10,422950.9047116141
862,1327,1,2,2016,0,3,312914.00307582016
863,3230,3,1,2011,2,7,734110.0243598827
864,4031,4,2,2007,0,4,899849.5188200921
865,4951,3,1,1982,2,3,1017583.4273609958
866,3435,4,2,1965,0,8,729494.9061684583
867,4376,2,3,1997,0,4,953339.7306451156
868,626,2,1,1959,2,1,113576.5123703764
869,3677,5,2,1987,0,6,847131.2132821754
870,3556,4,3,1968,1,10,796875.0927818617
871,1103,5,1,1985,1,1,280149.1863612468
872,3949,1,1,2008,0,5,833283.0644545743
873,4646,4,1,2012,1,7,1046163.3264236908
874,4033,3,2,1995,2,6,889107.6929684004
875,3867,1,2,1952,0,2,760436.8893623694
876,3868,1,3,2014,0,4,864309.0323581436
877,4297,3,2,1957,2,2,910000.3859570916
878,2292,1,2,2000,2,1,512734.7788937932
879,3361,4,1,2022,2,3,762769.5055574658
880,3976,5,1,1955,0,3,827432.4143465807
881,3917,1,1,1988,2,7,780363.0627911759
882,2145,4,1,2009,2,1,524818.9633293215
883,1705,2,1,1977,1,9,354744.6305953098
884,3530,4,1,2003,1,6,754662.1768906609
885,3372,5,1,1986,0,4,733900.7559066785
886,3572,4,3,1958,1,3,729385.5524036873
887,2354,3,3,2005,1,3,556236.7348047679
888,4521,5,3,2008,2,2,1039730.2135109294
889,3208,2,3,1951,2,2,672640.7862957919
890,4002,3,1,2010,1,10,860129.7292090545
891,1832,4,3,2007,1,5,432387.0410257919
892,701,5,1,2009,1,9,246717.9663664509
893,4007,2,3,1989,0,2,897176.5668201512
894,4712,3,2,1985,0,2,976572.7481782682
895,1074,2,3,1986,0,6,251724.67925135957
896,1036,4,3,1967,1,10,238220.4845448509
897,2125,2,1,2012,1,2,514184.1816653132
898,2622,1,3,1971,0,4,561747.2624036099
899,885,3,2,1960,0,6,194353.7361399757
900,3781,2,1,2007,1,5,826587.7969711117
901,974,4,1,2006,2,1,280961.6803897855
902,917,4,3,1953,0,6,191907.6525048871
903,4100,2,1,1956,1,1,809712.7379333257
904,1454,4,1,2010,1,3,369854.9244932172
905,1705,5,1,2003,2,10,400306.9574091656
906,4620,5,1,2017,1,5,985628.9692003924
907,2490,5,1,1950,1,10,567376.4006946473
908,4072,1,1,2004,0,5,889695.2695039134
909,4880,2,2,1952,0,10,1004325.3931894517
910,4658,1,3,1987,2,6,1021278.340082141
911,3213,4,2,1950,2,10,665309.7683934513
912,2703,1,1,1987,1,8,576620.3718535388
913,3620,4,1,1978,0,5,738643.2007694525
914,1466,4,3,1954,2,1,343678.93524860224
915,3932,3,2,1970,2,5,865263.3836358162
916,1188,5,3,2020,2,3,342365.20713846444
917,4743,4,2,2016,1,4,1037911.6519852468
918,4201,3,1,1996,0,8,876992.62965777
919,841,5,3,1984,2,7,238047.5927999937
920,2224,4,3,2017,0,5,518166.38138878136
921,4922,4,1,2018,2,2,1108236.8362913695
922,2292,1,3,1950,2,6,483905.9983899615
923,2259,1,2,2017,0,6,509733.85039647983
924,3712,5,2,1961,0,10,747938.7115439639
925,1489,4,2,2009,0,10,347769.0613211003
926,2762,2,2,1976,1,6,619407.6279156839
927,2982,1,1,2005,2,9,646118.3979191775
928,1451,5,3,1972,1,8,338786.44407016825
929,1222,4,2,1974,0,8,291123.86737050366
930,3889,4,1,1970,2,1,796470.173239297
931,2579,2,3,2010,1,5,603812.5887922472
932,3217,5,3,2012,2,7,779867.2165969982
933,2832,4,1,2001,1,6,656065.8419892447
934,3876,1,1,1974,0,5,793323.8127937265
935,2000,2,2,2004,1,8,448879.5107617519
936,785,5,3,1995,2,3,262707.27893308154
937,3995,2,3,1981,2,6,872258.3925462884
938,2565,1,1,2004,2,5,530476.1232749791
939,1268,5,3,1954,2,8,321199.3469094537
940,3557,2,2,1985,0,4,730405.6620242158
941,4789,3,3,1998,1,8,1033816.8247013512
942,2661,1,1,2007,0,10,564747.6546436538
943,3793,1,1,1988,0,2,804450.0990071343
944,1446,1,2,2010,0,9,316282.80679770344
945,3835,3,2,1958,2,9,806269.4033782159
946,4650,3,3,1955,2,10,988234.6180212416
947,1981,4,3,1984,2,10,489595.4124613424
948,2401,2,1,1988,1,6,504682.30124801846
949,3951,4,2,1971,2,4,851472.5994111879
950,4564,2,2,1990,1,4,991703.3944221088
951,554,3,2,1954,2,6,120795.5523667112
952,2323,3,3,1991,2,5,511645.2377877411
953,3962,4,2,2016,0,6,868356.2431862867
954,3579,5,1,1979,0,7,765780.0440479134
955,1332,4,1,2006,0,7,317780.5942863934
956,4908,2,3,2022,1,9,1058290.680940349
957,3306,4,3,1978,1,8,708003.0797050629
958,2990,1,2,1986,2,6,663456.3939054122
959,827,2,3,1962,1,6,198773.4757127592
960,3810,2,1,1981,2,5,821117.7482116626
961,3800,5,2,1995,1,1,888184.3038431654
962,4175,3,1,1972,1,9,869924.3421379088
963,3554,2,2,1994,1,9,734201.4615779822
964,2643,3,3,1966,0,9,530326.7865334606
965,1811,4,2,2015,1,8,436325.0761836845
966,3691,1,2,1955,0,10,758140.6272517709
967,3038,5,1,1967,0,3,647006.812552705
968,4483,3,1,1971,1,1,921002.248222852
969,664,2,2,1982,2,8,170024.87591657112
970,4777,3,3,1979,2,7,1009807.4390560028
971,1322,2,3,1981,2,5,345655.79485490214
972,1443,3,1,1991,1,10,320689.2188217977
973,4925,2,3,1959,2,7,1034380.2041616676
974,1274,4,1,1985,0,10,304653.63604893
975,2698,2,3,1983,2,4,571367.8252792631
976,3656,2,2,2022,1,9,856066.3005338378
977,4742,1,1,1977,2,10,931856.9695152728
978,4195,2,1,1960,0,2,882532.5489330415
979,3952,1,2,1988,1,9,875163.0460692297
980,1414,5,1,1996,2,9,372292.6033923184
981,1808,1,3,1968,1,5,402330.051233892
982,4677,4,3,1964,1,1,965304.8489878176
983,1013,1,1,1977,1,7,248621.82614873743
984,2420,5,3,1973,2,10,560889.7929688855
985,4094,4,1,2021,1,10,933332.7201261588
986,1909,3,2,1958,2,4,453579.1055342158
987,3690,3,1,1996,0,9,814843.6877321303
988,4991,1,2,1982,2,6,1037268.0434280155
989,2055,1,3,2011,0,3,460741.2339285246
990,1304,5,2,1968,2,6,357477.332666952
991,1779,5,3,2016,1,10,480192.2452357916
992,4077,2,1,1989,2,6,886451.6346786668
993,3401,5,3,1996,1,5,786584.6102391081
994,1887,2,1,2014,0,2,439793.0780082437
995,3261,4,1,1978,2,10,701493.9970692651
996,3179,1,2,1999,1,10,683723.1607044176
997,2606,4,2,1962,0,2,572024.023634332
998,4723,5,2,1950,0,7,964865.2986386952
999,3268,4,2,1983,2,2,742599.2533323644
